Date,S&P500
28/10/13,1762.11
29/10/13,1771.95
30/10/13,1763.31
31/10/13,1756.54
01/11/13,1761.64
04/11/13,1767.93
05/11/13,1762.97
06/11/13,1770.49
07/11/13,1747.15
08/11/13,1770.61
11/11/13,1771.89
12/11/13,1767.69
13/11/13,1782
14/11/13,1790.62
15/11/13,1798.18
18/11/13,1791.53
19/11/13,1787.87
20/11/13,1781.37
21/11/13,1795.85
22/11/13,1804.76
25/11/13,1802.48
26/11/13,1802.75
27/11/13,1807.23
29/11/13,1805.81
02/12/13,1800.9
03/12/13,1795.15
04/12/13,1792.81
05/12/13,1785.03
06/12/13,1805.09
09/12/13,1808.37
10/12/13,1802.62
11/12/13,1782.22
12/12/13,1775.5
13/12/13,1775.32
16/12/13,1786.54
17/12/13,1781
18/12/13,1810.65
19/12/13,1809.6
20/12/13,1818.32
23/12/13,1827.99
24/12/13,1833.32
26/12/13,1842.02
27/12/13,1841.4
30/12/13,1841.07
31/12/13,1848.36
02/01/14,1831.98
03/01/14,1831.37
06/01/14,1826.77
07/01/14,1837.88
08/01/14,1837.49
09/01/14,1838.13
10/01/14,1842.37
13/01/14,1819.2
14/01/14,1838.88
15/01/14,1848.38
16/01/14,1845.89
17/01/14,1838.7
21/01/14,1843.8
22/01/14,1844.86
23/01/14,1828.46
24/01/14,1790.29
27/01/14,1781.56
28/01/14,1792.5
29/01/14,1774.2
30/01/14,1794.19
31/01/14,1782.59
03/02/14,1741.89
04/02/14,1755.2
05/02/14,1751.64
06/02/14,1773.43
07/02/14,1797.02
10/02/14,1799.84
11/02/14,1819.75
12/02/14,1819.26
13/02/14,1829.83
14/02/14,1838.63
18/02/14,1840.76
19/02/14,1828.75
20/02/14,1839.78
21/02/14,1836.25
24/02/14,1847.61
25/02/14,1845.12
26/02/14,1845.16
27/02/14,1854.29
28/02/14,1859.45
03/03/14,1845.73
04/03/14,1873.91
05/03/14,1873.81
06/03/14,1877.03
07/03/14,1878.04
10/03/14,1877.17
11/03/14,1867.63
12/03/14,1868.2
13/03/14,1846.34
14/03/14,1841.13
17/03/14,1858.83
18/03/14,1872.25
19/03/14,1860.77
20/03/14,1872.01
21/03/14,1866.52
24/03/14,1857.44
25/03/14,1865.62
26/03/14,1852.56
27/03/14,1849.04
28/03/14,1857.62
31/03/14,1872.34
01/04/14,1885.52
02/04/14,1890.9
03/04/14,1888.77
04/04/14,1865.09
07/04/14,1845.04
08/04/14,1851.96
09/04/14,1872.18
10/04/14,1833.08
11/04/14,1815.69
14/04/14,1830.61
15/04/14,1842.98
16/04/14,1862.31
17/04/14,1864.85
21/04/14,1871.89
22/04/14,1879.55
23/04/14,1875.39
24/04/14,1878.61
25/04/14,1863.4
28/04/14,1869.43
29/04/14,1878.33
30/04/14,1883.95
01/05/14,1883.68
02/05/14,1881.14
05/05/14,1884.66
06/05/14,1867.72
07/05/14,1878.21
08/05/14,1875.63
09/05/14,1878.48
12/05/14,1896.65
13/05/14,1897.45
14/05/14,1888.53
15/05/14,1870.85
16/05/14,1877.86
19/05/14,1885.08
20/05/14,1872.83
21/05/14,1888.03
22/05/14,1892.49
23/05/14,1900.53
27/05/14,1911.91
28/05/14,1909.78
29/05/14,1920.03
30/05/14,1923.57
02/06/14,1924.97
03/06/14,1924.24
04/06/14,1927.88
05/06/14,1940.46
06/06/14,1949.44
09/06/14,1951.27
10/06/14,1950.79
11/06/14,1943.89
12/06/14,1930.11
13/06/14,1936.16
16/06/14,1937.78
17/06/14,1941.99
18/06/14,1956.98
19/06/14,1959.48
20/06/14,1962.87
23/06/14,1962.61
24/06/14,1949.98
25/06/14,1959.53
26/06/14,1957.22
27/06/14,1960.96
30/06/14,1960.23
01/07/14,1973.32
02/07/14,1974.62
03/07/14,1985.44
07/07/14,1977.65
08/07/14,1963.71
09/07/14,1972.83
10/07/14,1964.68
11/07/14,1967.57
14/07/14,1977.1
15/07/14,1973.28
16/07/14,1981.57
17/07/14,1958.12
18/07/14,1978.22
21/07/14,1973.63
22/07/14,1983.53
23/07/14,1987.01
24/07/14,1987.98
25/07/14,1978.34
28/07/14,1978.91
29/07/14,1969.95
30/07/14,1970.07
31/07/14,1930.67
01/08/14,1925.15
04/08/14,1938.99
05/08/14,1920.21
06/08/14,1920.24
07/08/14,1909.57
08/08/14,1931.59
11/08/14,1936.92
12/08/14,1933.75
13/08/14,1946.72
14/08/14,1955.18
15/08/14,1955.06
18/08/14,1971.74
19/08/14,1981.6
20/08/14,1986.51
21/08/14,1992.37
22/08/14,1988.4
25/08/14,1997.92
26/08/14,2000.02
27/08/14,2000.12
28/08/14,1996.74
29/08/14,2003.37
02/09/14,2002.28
03/09/14,2000.72
04/09/14,1997.65
05/09/14,2007.71
08/09/14,2001.54
09/09/14,1988.44
10/09/14,1995.69
11/09/14,1997.45
12/09/14,1985.54
15/09/14,1984.13
16/09/14,1998.98
17/09/14,2001.57
18/09/14,2011.36
19/09/14,2010.4
22/09/14,1994.29
23/09/14,1982.77
24/09/14,1998.3
25/09/14,1965.99
26/09/14,1982.85
29/09/14,1977.8
30/09/14,1972.29
01/10/14,1946.16
02/10/14,1946.17
03/10/14,1967.9
06/10/14,1964.82
07/10/14,1935.1
08/10/14,1968.89
09/10/14,1928.21
10/10/14,1906.13
13/10/14,1874.74
14/10/14,1877.7
15/10/14,1862.49
16/10/14,1862.76
17/10/14,1886.76
20/10/14,1904.01
21/10/14,1941.28
22/10/14,1927.11
23/10/14,1950.82
24/10/14,1964.58
27/10/14,1961.63
28/10/14,1985.05
29/10/14,1982.3
30/10/14,1994.65
31/10/14,2018.05
03/11/14,2017.81
04/11/14,2012.1
05/11/14,2023.57
06/11/14,2031.21
07/11/14,2031.92
10/11/14,2038.26
11/11/14,2039.68
12/11/14,2038.25
13/11/14,2039.33
14/11/14,2039.82
17/11/14,2041.32
18/11/14,2051.8
19/11/14,2048.72
20/11/14,2052.75
21/11/14,2063.5
24/11/14,2069.41
25/11/14,2067.03
26/11/14,2072.83
28/11/14,2067.56
01/12/14,2053.44
02/12/14,2066.55
03/12/14,2074.33
04/12/14,2071.92
05/12/14,2075.37
08/12/14,2060.31
09/12/14,2059.82
10/12/14,2026.14
11/12/14,2035.33
12/12/14,2002.33
15/12/14,1989.63
16/12/14,1972.74
17/12/14,2012.89
18/12/14,2061.23
19/12/14,2070.65
22/12/14,2078.54
23/12/14,2082.17
24/12/14,2081.88
26/12/14,2088.77
29/12/14,2090.57
30/12/14,2080.35
31/12/14,2058.9
02/01/15,2058.2
05/01/15,2020.58
06/01/15,2002.61
07/01/15,2025.9
08/01/15,2062.14
09/01/15,2044.81
12/01/15,2028.26
13/01/15,2023.03
14/01/15,2011.27
15/01/15,1992.67
16/01/15,2019.42
20/01/15,2022.55
21/01/15,2032.12
22/01/15,2063.15
23/01/15,2051.82
26/01/15,2057.09
27/01/15,2029.55
28/01/15,2002.16
29/01/15,2021.25
30/01/15,1994.99
02/02/15,2020.85
03/02/15,2050.03
04/02/15,2041.51
05/02/15,2062.52
06/02/15,2055.47
09/02/15,2046.74
10/02/15,2068.59
11/02/15,2068.53
12/02/15,2088.48
13/02/15,2096.99
17/02/15,2100.34
18/02/15,2099.68
19/02/15,2097.45
20/02/15,2110.3
23/02/15,2109.66
24/02/15,2115.48
25/02/15,2113.86
26/02/15,2110.74
27/02/15,2104.5
02/03/15,2117.39
03/03/15,2107.78
04/03/15,2098.53
05/03/15,2101.04
06/03/15,2071.26
09/03/15,2079.43
10/03/15,2044.16
11/03/15,2040.24
12/03/15,2065.95
13/03/15,2053.4
16/03/15,2081.19
17/03/15,2074.28
18/03/15,2099.5
19/03/15,2089.27
20/03/15,2108.1
23/03/15,2104.42
24/03/15,2091.5
25/03/15,2061.05
26/03/15,2056.15
27/03/15,2061.02
30/03/15,2086.24
31/03/15,2067.89
01/04/15,2059.69
02/04/15,2066.96
06/04/15,2080.62
07/04/15,2076.33
08/04/15,2081.9
09/04/15,2091.18
10/04/15,2102.06
13/04/15,2092.43
14/04/15,2095.84
15/04/15,2106.63
16/04/15,2104.99
17/04/15,2081.18
20/04/15,2100.4
21/04/15,2097.29
22/04/15,2107.96
23/04/15,2112.93
24/04/15,2117.69
27/04/15,2108.92
28/04/15,2114.76
29/04/15,2106.85
30/04/15,2085.51
01/05/15,2108.29
04/05/15,2114.49
05/05/15,2089.46
06/05/15,2080.15
07/05/15,2088
08/05/15,2116.1
11/05/15,2105.33
12/05/15,2099.12
13/05/15,2098.48
14/05/15,2121.1
15/05/15,2122.73
18/05/15,2129.2
19/05/15,2127.83
20/05/15,2125.85
21/05/15,2130.82
22/05/15,2126.06
26/05/15,2104.2
27/05/15,2123.48
28/05/15,2120.79
29/05/15,2107.39
01/06/15,2111.73
02/06/15,2109.6
03/06/15,2114.07
04/06/15,2095.84
05/06/15,2092.83
08/06/15,2079.28
09/06/15,2080.15
10/06/15,2105.2
11/06/15,2108.86
12/06/15,2094.11
15/06/15,2084.43
16/06/15,2096.29
17/06/15,2100.44
18/06/15,2121.24
19/06/15,2109.99
22/06/15,2122.85
23/06/15,2124.2
24/06/15,2108.58
25/06/15,2102.31
26/06/15,2101.49
29/06/15,2057.64
30/06/15,2063.11
01/07/15,2077.42
02/07/15,2076.78
06/07/15,2068.76
07/07/15,2081.34
08/07/15,2046.68
09/07/15,2051.31
10/07/15,2076.62
13/07/15,2099.6
14/07/15,2108.95
15/07/15,2107.4
16/07/15,2124.29
17/07/15,2126.64
20/07/15,2128.28
21/07/15,2119.21
22/07/15,2114.15
23/07/15,2102.15
24/07/15,2079.65
27/07/15,2067.64
28/07/15,2093.25
29/07/15,2108.57
30/07/15,2108.63
31/07/15,2103.84
03/08/15,2098.04
04/08/15,2093.32
05/08/15,2099.84
06/08/15,2083.56
07/08/15,2077.57
10/08/15,2104.18
11/08/15,2084.07
12/08/15,2086.05
13/08/15,2083.39
14/08/15,2091.54
17/08/15,2102.44
18/08/15,2096.92
19/08/15,2079.61
20/08/15,2035.73
21/08/15,1970.89
24/08/15,1893.21
25/08/15,1867.61
26/08/15,1940.51
27/08/15,1987.66
28/08/15,1988.87
31/08/15,1972.18
01/09/15,1913.85
02/09/15,1948.86
03/09/15,1951.13
04/09/15,1921.22
08/09/15,1969.41
09/09/15,1942.04
10/09/15,1952.29
11/09/15,1961.05
14/09/15,1953.03
15/09/15,1978.09
16/09/15,1995.31
17/09/15,1990.2
18/09/15,1958.03
21/09/15,1966.97
22/09/15,1942.74
23/09/15,1938.76
24/09/15,1932.24
25/09/15,1931.34
28/09/15,1881.77
29/09/15,1884.09
30/09/15,1920.03
01/10/15,1923.82
02/10/15,1951.36
05/10/15,1987.05
06/10/15,1979.92
07/10/15,1995.83
08/10/15,2013.43
09/10/15,2014.89
12/10/15,2017.46
13/10/15,2003.69
14/10/15,1994.24
15/10/15,2023.86
16/10/15,2033.11
19/10/15,2033.66
20/10/15,2030.77
21/10/15,2018.94
22/10/15,2052.51
23/10/15,2075.15
26/10/15,2071.18
27/10/15,2065.89
28/10/15,2090.35
29/10/15,2089.41
30/10/15,2079.36
02/11/15,2104.05
03/11/15,2109.79
04/11/15,2102.31
05/11/15,2099.93
06/11/15,2099.2
09/11/15,2078.58
10/11/15,2081.72
11/11/15,2075
12/11/15,2045.97
13/11/15,2023.04
16/11/15,2053.19
17/11/15,2050.44
18/11/15,2083.58
19/11/15,2081.24
20/11/15,2089.17
23/11/15,2086.59
24/11/15,2089.14
25/11/15,2088.87
27/11/15,2090.11
30/11/15,2080.41
01/12/15,2102.63
02/12/15,2079.51
03/12/15,2049.62
04/12/15,2091.69
07/12/15,2077.07
08/12/15,2063.59
09/12/15,2047.62
10/12/15,2052.23
11/12/15,2012.37
14/12/15,2021.94
15/12/15,2043.41
16/12/15,2073.07
17/12/15,2041.89
18/12/15,2005.55
21/12/15,2021.15
22/12/15,2038.97
23/12/15,2064.29
24/12/15,2060.99
28/12/15,2056.5
29/12/15,2078.36
30/12/15,2063.36
31/12/15,2043.94
04/01/16,2012.66
05/01/16,2016.71
06/01/16,1990.26
07/01/16,1943.09
08/01/16,1922.03
11/01/16,1923.67
12/01/16,1938.68
13/01/16,1890.28
14/01/16,1921.84
15/01/16,1880.33
19/01/16,1881.33
20/01/16,1859.33
21/01/16,1868.99
22/01/16,1906.9
25/01/16,1877.08
26/01/16,1903.63
27/01/16,1882.95
28/01/16,1893.36
29/01/16,1940.24
01/02/16,1939.38
02/02/16,1903.03
03/02/16,1912.53
04/02/16,1915.45
05/02/16,1880.05
08/02/16,1853.44
09/02/16,1852.21
10/02/16,1851.86
11/02/16,1829.08
12/02/16,1864.78
16/02/16,1895.58
17/02/16,1926.82
18/02/16,1917.83
19/02/16,1917.78
22/02/16,1945.5
23/02/16,1921.27
24/02/16,1929.8
25/02/16,1951.7
26/02/16,1948.05
29/02/16,1932.23
01/03/16,1978.35
02/03/16,1986.45
03/03/16,1993.4
04/03/16,1999.99
07/03/16,2001.76
08/03/16,1979.26
09/03/16,1989.26
10/03/16,1989.57
11/03/16,2022.19
14/03/16,2019.64
15/03/16,2015.93
16/03/16,2027.22
17/03/16,2040.59
18/03/16,2049.58
21/03/16,2051.6
22/03/16,2049.8
23/03/16,2036.71
24/03/16,2035.94
28/03/16,2037.05
29/03/16,2055.01
30/03/16,2063.95
31/03/16,2059.74
01/04/16,2072.78
04/04/16,2066.13
05/04/16,2045.17
06/04/16,2066.66
07/04/16,2041.91
08/04/16,2047.6
11/04/16,2041.99
12/04/16,2061.72
13/04/16,2082.42
14/04/16,2082.78
15/04/16,2080.73
18/04/16,2094.34
19/04/16,2100.8
20/04/16,2102.4
21/04/16,2091.48
22/04/16,2091.58
25/04/16,2087.79
26/04/16,2091.7
27/04/16,2095.15
28/04/16,2075.81
29/04/16,2065.3
02/05/16,2081.43
03/05/16,2063.37
04/05/16,2051.12
05/05/16,2050.63
06/05/16,2057.14
09/05/16,2058.69
10/05/16,2084.39
11/05/16,2064.46
12/05/16,2064.11
13/05/16,2046.61
16/05/16,2066.66
17/05/16,2047.21
18/05/16,2047.63
19/05/16,2040.04
20/05/16,2052.32
23/05/16,2048.04
24/05/16,2076.06
25/05/16,2090.54
26/05/16,2090.1
27/05/16,2099.06
31/05/16,2096.96
01/06/16,2099.33
02/06/16,2105.26
03/06/16,2099.13
06/06/16,2109.41
07/06/16,2112.13
08/06/16,2119.12
09/06/16,2115.48
10/06/16,2096.07
13/06/16,2079.06
14/06/16,2075.32
15/06/16,2071.5
16/06/16,2077.99
17/06/16,2071.22
20/06/16,2083.25
21/06/16,2088.9
22/06/16,2085.45
23/06/16,2113.32
24/06/16,2037.41
27/06/16,2000.54
28/06/16,2036.09
29/06/16,2070.77
30/06/16,2098.86
01/07/16,2102.95
05/07/16,2088.55
06/07/16,2099.73
07/07/16,2097.9
08/07/16,2129.9
11/07/16,2137.16
12/07/16,2152.14
13/07/16,2152.43
14/07/16,2163.75
15/07/16,2161.74
18/07/16,2166.89
19/07/16,2163.78
20/07/16,2173.02
21/07/16,2165.17
22/07/16,2175.03
25/07/16,2168.48
26/07/16,2169.18
27/07/16,2166.58
28/07/16,2170.06
29/07/16,2173.6
01/08/16,2170.84
02/08/16,2157.03
03/08/16,2163.79
04/08/16,2164.25
05/08/16,2182.87
08/08/16,2180.89
09/08/16,2181.74
10/08/16,2175.49
11/08/16,2185.79
12/08/16,2184.05
15/08/16,2190.15
16/08/16,2178.15
17/08/16,2182.22
18/08/16,2187.02
19/08/16,2183.87
22/08/16,2182.64
23/08/16,2186.9
24/08/16,2175.44
25/08/16,2172.47
26/08/16,2169.04
29/08/16,2180.38
30/08/16,2176.12
31/08/16,2170.95
01/09/16,2170.86
02/09/16,2179.98
06/09/16,2186.48
07/09/16,2186.16
08/09/16,2181.3
09/09/16,2127.81
12/09/16,2159.04
13/09/16,2127.02
14/09/16,2125.77
15/09/16,2147.26
16/09/16,2139.16
19/09/16,2139.12
20/09/16,2139.76
21/09/16,2163.12
22/09/16,2177.18
23/09/16,2164.69
26/09/16,2146.1
27/09/16,2159.93
28/09/16,2171.37
29/09/16,2151.13
30/09/16,2168.27
03/10/16,2161.2
04/10/16,2150.49
05/10/16,2159.73
06/10/16,2160.77
07/10/16,2153.74
10/10/16,2163.66
11/10/16,2136.73
12/10/16,2139.18
13/10/16,2132.55
14/10/16,2132.98
17/10/16,2126.5
18/10/16,2139.6
19/10/16,2144.29
20/10/16,2141.34
21/10/16,2141.16
24/10/16,2151.33
25/10/16,2143.16
26/10/16,2139.43
27/10/16,2133.04
28/10/16,2126.41
31/10/16,2126.15
01/11/16,2111.72
02/11/16,2097.94
03/11/16,2088.66
04/11/16,2085.18
07/11/16,2131.52
08/11/16,2139.56
09/11/16,2163.26
10/11/16,2167.48
11/11/16,2164.45
14/11/16,2164.2
15/11/16,2180.39
16/11/16,2176.94
17/11/16,2187.12
18/11/16,2181.9
21/11/16,2198.18
22/11/16,2202.94
23/11/16,2204.72
25/11/16,2213.35
28/11/16,2201.72
29/11/16,2204.66
30/11/16,2198.81
01/12/16,2191.08
02/12/16,2191.95
05/12/16,2204.71
06/12/16,2212.23
07/12/16,2241.35
08/12/16,2246.19
09/12/16,2259.53
12/12/16,2256.96
13/12/16,2271.72
14/12/16,2253.28
15/12/16,2262.03
16/12/16,2258.07
19/12/16,2262.53
20/12/16,2270.76
21/12/16,2265.18
22/12/16,2260.96
23/12/16,2263.79
27/12/16,2268.88
28/12/16,2249.92
29/12/16,2249.26
30/12/16,2238.83
03/01/17,2257.83
04/01/17,2270.75
05/01/17,2269
06/01/17,2276.98
09/01/17,2268.9
10/01/17,2268.9
11/01/17,2275.32
12/01/17,2270.44
13/01/17,2274.64
17/01/17,2267.89
18/01/17,2271.89
19/01/17,2263.69
20/01/17,2271.31
23/01/17,2265.2
24/01/17,2280.07
25/01/17,2298.37
26/01/17,2296.68
27/01/17,2294.69
30/01/17,2280.9
31/01/17,2278.87
01/02/17,2279.55
02/02/17,2280.85
03/02/17,2297.42
06/02/17,2292.56
07/02/17,2293.08
08/02/17,2294.67
09/02/17,2307.87
10/02/17,2316.1
13/02/17,2328.25
14/02/17,2337.58
15/02/17,2349.25
16/02/17,2347.22
17/02/17,2351.16
21/02/17,2365.38
22/02/17,2362.82
23/02/17,2363.81
24/02/17,2367.34
27/02/17,2369.75
28/02/17,2363.64
01/03/17,2395.96
02/03/17,2381.92
03/03/17,2383.12
06/03/17,2375.31
07/03/17,2368.39
08/03/17,2362.98
09/03/17,2364.87
10/03/17,2372.6
13/03/17,2373.47
14/03/17,2365.45
15/03/17,2385.26
16/03/17,2381.38
17/03/17,2378.25
20/03/17,2373.47
21/03/17,2344.02
22/03/17,2348.45
23/03/17,2345.96
24/03/17,2343.98
27/03/17,2341.59
28/03/17,2358.57
29/03/17,2361.13
30/03/17,2368.06
31/03/17,2362.72
03/04/17,2358.84
04/04/17,2360.16
05/04/17,2352.95
06/04/17,2357.49
07/04/17,2355.54
10/04/17,2357.16
11/04/17,2353.78
12/04/17,2344.93
13/04/17,2328.95
17/04/17,2349.01
18/04/17,2342.19
19/04/17,2338.17
20/04/17,2355.84
21/04/17,2348.69
24/04/17,2374.15
25/04/17,2388.61
26/04/17,2387.45
27/04/17,2388.77
28/04/17,2384.2
01/05/17,2388.33
02/05/17,2391.17
03/05/17,2388.13
04/05/17,2389.52
05/05/17,2399.29
08/05/17,2399.38
09/05/17,2396.92
10/05/17,2399.63
11/05/17,2394.44
12/05/17,2390.9
15/05/17,2402.32
16/05/17,2400.67
17/05/17,2357.03
18/05/17,2365.72
19/05/17,2381.73
22/05/17,2394.02
23/05/17,2398.42
24/05/17,2404.39
25/05/17,2415.07
26/05/17,2415.82
30/05/17,2412.91
31/05/17,2411.8
01/06/17,2430.06
02/06/17,2439.07
05/06/17,2436.1
06/06/17,2429.33
07/06/17,2433.14
08/06/17,2433.79
09/06/17,2431.77
12/06/17,2429.39
13/06/17,2440.35
14/06/17,2437.92
15/06/17,2432.46
16/06/17,2433.15
19/06/17,2453.46
20/06/17,2437.03
21/06/17,2435.61
22/06/17,2434.5
23/06/17,2438.3
26/06/17,2439.07
27/06/17,2419.38
28/06/17,2440.69
29/06/17,2419.7
30/06/17,2423.41
03/07/17,2429.01
05/07/17,2432.54
06/07/17,2409.75
07/07/17,2425.18
10/07/17,2427.43
11/07/17,2425.53
12/07/17,2443.25
13/07/17,2447.83
14/07/17,2459.27
17/07/17,2459.14
18/07/17,2460.61
19/07/17,2473.83
20/07/17,2473.45
21/07/17,2472.54
24/07/17,2469.91
25/07/17,2477.13
26/07/17,2477.83
27/07/17,2475.42
28/07/17,2472.1
31/07/17,2470.3
01/08/17,2476.35
02/08/17,2477.57
03/08/17,2472.16
04/08/17,2476.83
07/08/17,2480.91
08/08/17,2474.92
09/08/17,2474.02
10/08/17,2438.21
11/08/17,2441.32
14/08/17,2465.84
15/08/17,2464.61
16/08/17,2468.11
17/08/17,2430.01
18/08/17,2425.55
21/08/17,2428.37
22/08/17,2452.51
23/08/17,2444.04
24/08/17,2438.97
25/08/17,2443.05
28/08/17,2444.24
29/08/17,2446.3
30/08/17,2457.59
31/08/17,2471.65
01/09/17,2476.55
05/09/17,2457.85
06/09/17,2465.54
07/09/17,2465.1
08/09/17,2461.43
11/09/17,2488.11
12/09/17,2496.48
13/09/17,2498.37
14/09/17,2495.62
15/09/17,2500.23
18/09/17,2503.87
19/09/17,2506.65
20/09/17,2508.24
21/09/17,2500.6
22/09/17,2502.22
25/09/17,2496.66
26/09/17,2496.84
27/09/17,2507.04
28/09/17,2510.06
29/09/17,2519.36
02/10/17,2529.12
03/10/17,2534.58
04/10/17,2537.74
05/10/17,2552.07
06/10/17,2549.33
09/10/17,2544.73
10/10/17,2550.64
11/10/17,2555.24
12/10/17,2550.93
13/10/17,2553.17
16/10/17,2557.64
17/10/17,2559.36
18/10/17,2561.26
19/10/17,2562.1
20/10/17,2575.21
23/10/17,2564.98
24/10/17,2569.13
25/10/17,2557.15
26/10/17,2560.4
27/10/17,2581.07
30/10/17,2572.83
31/10/17,2575.26
01/11/17,2579.36
02/11/17,2579.85
03/11/17,2587.84
06/11/17,2591.13
07/11/17,2590.64
08/11/17,2594.38
09/11/17,2584.62
10/11/17,2582.3
13/11/17,2584.84
14/11/17,2578.87
15/11/17,2564.62
16/11/17,2585.64
17/11/17,2578.85
20/11/17,2582.14
21/11/17,2599.03
22/11/17,2597.08
24/11/17,2602.42
27/11/17,2601.42
28/11/17,2627.04
29/11/17,2626.07
30/11/17,2647.58
01/12/17,2642.22
04/12/17,2639.44
05/12/17,2629.57
06/12/17,2629.27
07/12/17,2636.98
08/12/17,2651.5
11/12/17,2659.99
12/12/17,2664.11
13/12/17,2662.85
14/12/17,2652.01
15/12/17,2675.81
18/12/17,2690.16
19/12/17,2681.47
20/12/17,2679.25
21/12/17,2684.57
22/12/17,2683.34
26/12/17,2680.5
27/12/17,2682.62
28/12/17,2687.54
29/12/17,2673.61
02/01/18,2695.81
03/01/18,2713.06
04/01/18,2723.99
05/01/18,2743.15
08/01/18,2747.71
09/01/18,2751.29
10/01/18,2748.23
11/01/18,2767.56
12/01/18,2786.24
16/01/18,2776.42
17/01/18,2802.56
18/01/18,2798.03
19/01/18,2810.3
22/01/18,2832.97
23/01/18,2839.13
24/01/18,2837.54
25/01/18,2839.25
26/01/18,2872.87
29/01/18,2853.53
30/01/18,2822.43
31/01/18,2823.81
01/02/18,2821.98
02/02/18,2762.13
05/02/18,2648.94
06/02/18,2695.14
07/02/18,2681.66
08/02/18,2581
09/02/18,2619.55
12/02/18,2656
13/02/18,2662.94
14/02/18,2698.63
15/02/18,2731.2
16/02/18,2732.22
20/02/18,2716.26
21/02/18,2701.33
22/02/18,2703.96
23/02/18,2747.3
26/02/18,2779.6
27/02/18,2744.28
28/02/18,2713.83
01/03/18,2677.67
02/03/18,2691.25
05/03/18,2720.94
06/03/18,2728.12
07/03/18,2726.8
08/03/18,2738.97
09/03/18,2786.57
12/03/18,2783.02
13/03/18,2765.31
14/03/18,2749.48
15/03/18,2747.33
16/03/18,2752.01
19/03/18,2712.92
20/03/18,2716.94
21/03/18,2711.93
22/03/18,2643.69
23/03/18,2588.26
26/03/18,2658.55
27/03/18,2612.62
28/03/18,2605
29/03/18,2640.87
02/04/18,2581.88
03/04/18,2614.45
04/04/18,2644.69
05/04/18,2662.84
06/04/18,2604.47
09/04/18,2613.16
10/04/18,2656.87
11/04/18,2642.19
12/04/18,2663.99
13/04/18,2656.3
16/04/18,2677.84
17/04/18,2706.39
18/04/18,2708.64
19/04/18,2693.13
20/04/18,2670.14
23/04/18,2670.29
24/04/18,2634.56
25/04/18,2639.4
26/04/18,2666.94
27/04/18,2669.91
30/04/18,2648.05
01/05/18,2654.8
02/05/18,2635.67
03/05/18,2629.73
04/05/18,2663.42
07/05/18,2672.63
08/05/18,2671.92
09/05/18,2697.79
10/05/18,2723.07
11/05/18,2727.72
14/05/18,2730.13
15/05/18,2711.45
16/05/18,2722.46
17/05/18,2720.13
18/05/18,2712.97
21/05/18,2733.01
22/05/18,2724.44
23/05/18,2733.29
24/05/18,2727.76
25/05/18,2721.33
29/05/18,2689.86
30/05/18,2724.01
31/05/18,2705.27
01/06/18,2734.62
04/06/18,2746.87
05/06/18,2748.8
06/06/18,2772.35
07/06/18,2770.37
08/06/18,2779.03
11/06/18,2782
12/06/18,2786.85
13/06/18,2775.63
14/06/18,2782.49
15/06/18,2779.66
18/06/18,2773.75
19/06/18,2762.59
20/06/18,2767.32
21/06/18,2749.76
22/06/18,2754.88
25/06/18,2717.07
26/06/18,2723.06
27/06/18,2699.63
28/06/18,2716.31
29/06/18,2718.37
02/07/18,2726.71
03/07/18,2713.22
05/07/18,2736.61
06/07/18,2759.82
09/07/18,2784.17
10/07/18,2793.84
11/07/18,2774.02
12/07/18,2798.29
13/07/18,2801.31
16/07/18,2798.43
17/07/18,2809.55
18/07/18,2815.62
19/07/18,2804.49
20/07/18,2801.83
23/07/18,2806.98
24/07/18,2820.4
25/07/18,2846.07
26/07/18,2837.44
27/07/18,2818.82
30/07/18,2802.6
31/07/18,2816.29
01/08/18,2813.36
02/08/18,2827.22
03/08/18,2840.35
06/08/18,2850.4
07/08/18,2858.45
08/08/18,2857.7
09/08/18,2853.58
10/08/18,2833.28
13/08/18,2821.93
14/08/18,2839.96
15/08/18,2818.37
16/08/18,2840.69
17/08/18,2850.13
20/08/18,2857.05
21/08/18,2862.96
22/08/18,2861.82
23/08/18,2856.98
24/08/18,2874.69
27/08/18,2896.74
28/08/18,2897.52
29/08/18,2914.04
30/08/18,2901.13
31/08/18,2901.52
04/09/18,2896.72
05/09/18,2888.6
06/09/18,2878.05
07/09/18,2871.68
10/09/18,2877.13
11/09/18,2887.89
12/09/18,2888.92
13/09/18,2904.18
14/09/18,2904.98
17/09/18,2888.8
18/09/18,2904.31
19/09/18,2907.95
20/09/18,2930.75
21/09/18,2929.67
24/09/18,2919.37
25/09/18,2915.56
26/09/18,2905.97
27/09/18,2914
28/09/18,2913.98
01/10/18,2924.59
02/10/18,2923.43
03/10/18,2925.51
04/10/18,2901.61
05/10/18,2885.57
08/10/18,2884.43
09/10/18,2880.34
10/10/18,2785.68
11/10/18,2728.37
12/10/18,2767.13
15/10/18,2750.79
16/10/18,2809.92
17/10/18,2809.21
18/10/18,2768.78
19/10/18,2767.78
22/10/18,2755.88
23/10/18,2740.69
24/10/18,2656.1
25/10/18,2705.57
26/10/18,2658.69
29/10/18,2641.25
30/10/18,2682.63
31/10/18,2711.74
01/11/18,2740.37
02/11/18,2723.06
05/11/18,2738.31
06/11/18,2755.45
07/11/18,2813.89
08/11/18,2806.83
09/11/18,2781.01
12/11/18,2726.22
13/11/18,2722.18
14/11/18,2701.58
15/11/18,2730.2
16/11/18,2736.27
19/11/18,2690.73
20/11/18,2641.89
21/11/18,2649.93
23/11/18,2632.56
26/11/18,2673.45
27/11/18,2682.17
28/11/18,2743.79
29/11/18,2737.76
30/11/18,2760.17
03/12/18,2790.37
04/12/18,2700.06
06/12/18,2695.95
07/12/18,2633.08
10/12/18,2637.72
11/12/18,2636.78
12/12/18,2651.07
13/12/18,2650.54
14/12/18,2599.95
17/12/18,2545.94
18/12/18,2546.16
19/12/18,2506.96
20/12/18,2467.42
21/12/18,2416.62
24/12/18,2351.1
26/12/18,2467.7
27/12/18,2488.83
28/12/18,2485.74
31/12/18,2506.85
02/01/19,2510.03
03/01/19,2447.89
04/01/19,2531.94
07/01/19,2549.69
08/01/19,2574.41
09/01/19,2584.96
10/01/19,2596.64
11/01/19,2596.26
14/01/19,2582.61
15/01/19,2610.3
16/01/19,2616.1
17/01/19,2635.96
18/01/19,2670.71
22/01/19,2632.9
23/01/19,2638.7
24/01/19,2642.33
25/01/19,2664.76
28/01/19,2643.85
29/01/19,2640
30/01/19,2681.05
31/01/19,2704.1
01/02/19,2706.53
04/02/19,2724.87
05/02/19,2737.7
06/02/19,2731.61
07/02/19,2706.05
08/02/19,2707.88
11/02/19,2709.8
12/02/19,2744.73
13/02/19,2753.03
14/02/19,2745.73
15/02/19,2775.6
19/02/19,2779.76
20/02/19,2784.7
21/02/19,2774.88
22/02/19,2792.67
25/02/19,2796.11
26/02/19,2793.9
27/02/19,2792.38
28/02/19,2784.49
01/03/19,2803.69
04/03/19,2792.81
05/03/19,2789.65
06/03/19,2771.45
07/03/19,2748.93
08/03/19,2743.07
11/03/19,2783.3
12/03/19,2791.52
13/03/19,2810.92
14/03/19,2808.48
15/03/19,2822.48
18/03/19,2832.94
19/03/19,2832.57
20/03/19,2824.23
21/03/19,2854.88
22/03/19,2800.71
25/03/19,2798.36
26/03/19,2818.46
27/03/19,2805.37
28/03/19,2815.44
29/03/19,2834.4
01/04/19,2867.19
02/04/19,2867.24
03/04/19,2873.4
04/04/19,2879.39
05/04/19,2892.74
08/04/19,2895.77
09/04/19,2878.2
10/04/19,2888.21
11/04/19,2888.32
12/04/19,2907.41
15/04/19,2905.58
16/04/19,2907.06
17/04/19,2900.45
18/04/19,2905.03
22/04/19,2907.97
23/04/19,2933.68
24/04/19,2927.25
25/04/19,2926.17
26/04/19,2939.88
29/04/19,2943.03
30/04/19,2945.83
01/05/19,2923.73
02/05/19,2917.52
03/05/19,2945.64
06/05/19,2932.47
07/05/19,2884.05
08/05/19,2879.42
09/05/19,2870.72
10/05/19,2881.4
13/05/19,2811.87
14/05/19,2834.41
15/05/19,2850.96
16/05/19,2876.32
17/05/19,2859.53
20/05/19,2840.23
21/05/19,2864.36
22/05/19,2856.27
23/05/19,2822.24
24/05/19,2826.06
28/05/19,2802.39
29/05/19,2783.02
30/05/19,2788.86
31/05/19,2752.06
03/06/19,2744.45
04/06/19,2803.27
05/06/19,2826.15
06/06/19,2843.49
07/06/19,2873.34
10/06/19,2886.73
11/06/19,2885.72
12/06/19,2879.84
13/06/19,2891.64
14/06/19,2886.98
17/06/19,2889.67
18/06/19,2917.75
19/06/19,2926.46
20/06/19,2954.18
21/06/19,2950.46
24/06/19,2945.35
25/06/19,2917.38
26/06/19,2913.78
27/06/19,2924.92
28/06/19,2941.76
01/07/19,2964.33
02/07/19,2973.01
03/07/19,2995.82
05/07/19,2990.41
08/07/19,2975.95
09/07/19,2979.63
10/07/19,2993.07
11/07/19,2999.91
12/07/19,3013.77
15/07/19,3014.3
16/07/19,3004.04
17/07/19,2984.42
18/07/19,2995.11
19/07/19,2976.61
22/07/19,2985.03
23/07/19,3005.47
24/07/19,3019.56
25/07/19,3003.67
26/07/19,3025.86
29/07/19,3020.97
30/07/19,3013.18
31/07/19,2980.38
01/08/19,2953.56
02/08/19,2932.05
05/08/19,2844.74
06/08/19,2881.77
07/08/19,2883.98
08/08/19,2938.09
09/08/19,2918.65
12/08/19,2883.75
13/08/19,2926.32
14/08/19,2840.6
15/08/19,2847.6
16/08/19,2888.68
19/08/19,2923.65
20/08/19,2900.51
21/08/19,2924.43
22/08/19,2922.95
23/08/19,2847.11
26/08/19,2878.38
27/08/19,2869.16
28/08/19,2887.94
29/08/19,2924.58
30/08/19,2926.46
03/09/19,2906.27
04/09/19,2937.78
05/09/19,2976
06/09/19,2978.71
09/09/19,2978.43
10/09/19,2979.39
11/09/19,3000.93
12/09/19,3009.57
13/09/19,3007.39
16/09/19,2997.96
17/09/19,3005.7
18/09/19,3006.73
19/09/19,3006.79
20/09/19,2992.07
23/09/19,2991.78
24/09/19,2966.6
25/09/19,2984.87
26/09/19,2977.62
27/09/19,2961.79
30/09/19,2976.74
01/10/19,2940.25
02/10/19,2887.61
03/10/19,2910.63
04/10/19,2952.01
07/10/19,2938.79
08/10/19,2893.06
09/10/19,2919.4
10/10/19,2938.13
11/10/19,2970.27
14/10/19,2966.15
15/10/19,2995.68
16/10/19,2989.69
17/10/19,2997.95
18/10/19,2986.2
21/10/19,3006.72
22/10/19,2995.99
23/10/19,3004.52
24/10/19,3010.29
25/10/19,3022.55
28/10/19,3039.42
29/10/19,3036.89
30/10/19,3046.77
31/10/19,3037.56
01/11/19,3066.91
04/11/19,3078.27
05/11/19,3074.62
06/11/19,3076.78
07/11/19,3085.18
08/11/19,3093.08
11/11/19,3087.01
12/11/19,3091.84
13/11/19,3094.04
14/11/19,3096.63
15/11/19,3120.46
18/11/19,3122.03
19/11/19,3120.18
20/11/19,3108.46
21/11/19,3103.54
22/11/19,3110.29
25/11/19,3133.64
26/11/19,3140.52
27/11/19,3153.63
29/11/19,3140.98
02/12/19,3113.87
03/12/19,3093.2
04/12/19,3112.76
05/12/19,3117.43
06/12/19,3145.91
09/12/19,3135.96
10/12/19,3132.52
11/12/19,3141.63
12/12/19,3168.57
13/12/19,3168.8
16/12/19,3191.45
17/12/19,3192.52
18/12/19,3191.14
19/12/19,3205.37
20/12/19,3221.22
23/12/19,3224.01
24/12/19,3223.38
26/12/19,3239.91
27/12/19,3240.02
30/12/19,3221.29
31/12/19,3230.78
02/01/20,3257.85
03/01/20,3234.85
06/01/20,3246.28
07/01/20,3237.18
08/01/20,3253.05
09/01/20,3274.7
10/01/20,3265.35
13/01/20,3288.13
14/01/20,3283.15
15/01/20,3289.29
16/01/20,3316.81
17/01/20,3329.62
21/01/20,3320.79
22/01/20,3321.75
23/01/20,3325.54
24/01/20,3295.47
27/01/20,3243.63
28/01/20,3276.24
29/01/20,3273.4
30/01/20,3283.66
31/01/20,3225.52
03/02/20,3248.92
04/02/20,3297.59
05/02/20,3334.69
06/02/20,3345.78
07/02/20,3327.71
10/02/20,3352.09
11/02/20,3357.75
12/02/20,3379.45
13/02/20,3373.94
14/02/20,3380.16
18/02/20,3370.29
19/02/20,3386.15
20/02/20,3373.23
21/02/20,3337.75
24/02/20,3225.89
25/02/20,3128.21
26/02/20,3116.39
27/02/20,2978.76
28/02/20,2954.22
02/03/20,3090.23
03/03/20,3003.37
04/03/20,3130.12
05/03/20,3023.94
06/03/20,2972.37
09/03/20,2746.56
10/03/20,2882.23
11/03/20,2741.38
12/03/20,2480.64
13/03/20,2711.02
16/03/20,2386.13
17/03/20,2529.19
18/03/20,2398.1
19/03/20,2409.39
20/03/20,2304.92
23/03/20,2237.4
24/03/20,2447.33
25/03/20,2475.56
26/03/20,2630.07
27/03/20,2541.47
30/03/20,2626.65
31/03/20,2584.59
01/04/20,2470.5
02/04/20,2526.9
03/04/20,2488.65
06/04/20,2663.68
07/04/20,2659.41
08/04/20,2749.98
09/04/20,2789.82
13/04/20,2761.63
14/04/20,2846.06
15/04/20,2783.36
16/04/20,2799.55
17/04/20,2874.56
20/04/20,2823.16
21/04/20,2736.56
22/04/20,2799.31
23/04/20,2797.8
24/04/20,2836.74
27/04/20,2878.48
28/04/20,2863.39
29/04/20,2939.51
30/04/20,2912.43
01/05/20,2830.71
04/05/20,2842.74
05/05/20,2868.44
06/05/20,2848.42
07/05/20,2881.19
08/05/20,2929.8
11/05/20,2930.32
12/05/20,2870.12
13/05/20,2820
14/05/20,2852.5
15/05/20,2863.7
18/05/20,2953.91
19/05/20,2922.94
20/05/20,2971.61
21/05/20,2948.51
22/05/20,2955.45
26/05/20,2991.77
27/05/20,3036.13
28/05/20,3029.73
29/05/20,3044.31
01/06/20,3055.73
02/06/20,3080.82
03/06/20,3122.87
04/06/20,3112.35
05/06/20,3193.93
08/06/20,3232.39
09/06/20,3207.18
10/06/20,3190.14
11/06/20,3002.1
12/06/20,3041.31
15/06/20,3066.59
16/06/20,3124.74
17/06/20,3113.49
18/06/20,3115.34
19/06/20,3097.74
22/06/20,3117.86
23/06/20,3131.29
24/06/20,3050.33
25/06/20,3083.76
26/06/20,3009.05
29/06/20,3053.24
30/06/20,3100.29
01/07/20,3115.86
02/07/20,3130.01
06/07/20,3179.72
07/07/20,3145.32
08/07/20,3169.94
09/07/20,3152.05
10/07/20,3185.04
13/07/20,3155.22
14/07/20,3197.52
15/07/20,3226.56
16/07/20,3215.57
17/07/20,3224.73
20/07/20,3251.84
21/07/20,3257.3
22/07/20,3276.02
23/07/20,3235.66
24/07/20,3215.63
27/07/20,3239.41
28/07/20,3218.44
29/07/20,3258.44
30/07/20,3246.22
31/07/20,3271.12
03/08/20,3294.61
04/08/20,3306.51
05/08/20,3327.77
06/08/20,3349.16
07/08/20,3351.28
10/08/20,3360.47
11/08/20,3333.69
12/08/20,3380.35
13/08/20,3373.43
14/08/20,3372.85
17/08/20,3381.99
18/08/20,3389.78
19/08/20,3374.85
20/08/20,3385.51
21/08/20,3397.16
24/08/20,3431.28
25/08/20,3443.62
26/08/20,3478.73
27/08/20,3484.55
28/08/20,3508.01
31/08/20,3500.31
01/09/20,3526.65
02/09/20,3580.84
03/09/20,3455.06
04/09/20,3426.96
08/09/20,3331.84
09/09/20,3398.96
10/09/20,3339.19
11/09/20,3340.97
14/09/20,3383.54
15/09/20,3401.2
16/09/20,3385.49
17/09/20,3357.01
18/09/20,3319.47
21/09/20,3281.06
22/09/20,3315.57
23/09/20,3236.92
24/09/20,3246.59
25/09/20,3298.46
28/09/20,3351.6
29/09/20,3335.47
30/09/20,3363
01/10/20,3380.8
02/10/20,3348.44
05/10/20,3408.63
06/10/20,3360.95
07/10/20,3419.45
08/10/20,3446.83
09/10/20,3477.13
12/10/20,3534.22
13/10/20,3511.93
14/10/20,3488.67
15/10/20,3483.34
16/10/20,3483.81
19/10/20,3426.92
20/10/20,3443.12
21/10/20,3435.56
22/10/20,3453.49
23/10/20,3465.39
26/10/20,3400.97
27/10/20,3390.68
28/10/20,3271.03
29/10/20,3310.11
30/10/20,3269.96
02/11/20,3310.24
03/11/20,3369.16
04/11/20,3443.44
05/11/20,3510.45
06/11/20,3509.44
09/11/20,3550.5
10/11/20,3545.53
11/11/20,3572.66
12/11/20,3537.01
13/11/20,3585.15
16/11/20,3626.91
17/11/20,3609.53
18/11/20,3567.79
19/11/20,3581.87
20/11/20,3557.54
23/11/20,3577.59
24/11/20,3635.41
25/11/20,3629.65
27/11/20,3638.35
30/11/20,3621.63
01/12/20,3662.45
02/12/20,3669.01
03/12/20,3666.72
04/12/20,3699.12
07/12/20,3691.96
08/12/20,3702.25
09/12/20,3672.82
10/12/20,3668.1
11/12/20,3663.46
14/12/20,3647.49
15/12/20,3694.62
16/12/20,3701.17
17/12/20,3722.48
18/12/20,3709.41
21/12/20,3694.92
22/12/20,3687.26
23/12/20,3690.01
24/12/20,3703.06
28/12/20,3735.36
29/12/20,3727.04
30/12/20,3732.04
31/12/20,3756.07
04/01/21,3700.65
05/01/21,3726.86
06/01/21,3748.14
07/01/21,3803.79
08/01/21,3824.68
11/01/21,3799.61
12/01/21,3801.19
13/01/21,3809.84
14/01/21,3795.54
15/01/21,3768.25
19/01/21,3798.91
20/01/21,3851.85
21/01/21,3853.07
22/01/21,3841.47
25/01/21,3855.36
26/01/21,3849.62
27/01/21,3750.77
28/01/21,3787.38
29/01/21,3714.24
01/02/21,3773.86
02/02/21,3826.31
03/02/21,3830.17
04/02/21,3871.74
05/02/21,3886.83
08/02/21,3915.59
09/02/21,3911.23
10/02/21,3909.88
11/02/21,3916.38
12/02/21,3934.83
16/02/21,3932.59
17/02/21,3931.33
18/02/21,3913.97
19/02/21,3906.71
22/02/21,3876.5
23/02/21,3881.37
24/02/21,3925.43
25/02/21,3829.34
26/02/21,3811.15
01/03/21,3901.82
02/03/21,3870.29
03/03/21,3819.72
04/03/21,3768.47
05/03/21,3841.94
08/03/21,3821.35
09/03/21,3875.44
10/03/21,3898.81
11/03/21,3939.34
12/03/21,3943.34
15/03/21,3968.94
16/03/21,3962.71
17/03/21,3974.12
18/03/21,3915.46
19/03/21,3913.1
22/03/21,3940.59
23/03/21,3910.52
24/03/21,3889.14
25/03/21,3909.52
26/03/21,3974.54
29/03/21,3971.09
30/03/21,3958.55
31/03/21,3972.89
01/04/21,4019.87
05/04/21,4077.91
06/04/21,4073.94
07/04/21,4079.95
08/04/21,4097.17
09/04/21,4128.8
12/04/21,4127.99
13/04/21,4141.59
14/04/21,4124.66
15/04/21,4170.42
16/04/21,4185.47
19/04/21,4163.26
20/04/21,4134.94
21/04/21,4173.42
22/04/21,4134.98
23/04/21,4180.17
26/04/21,4187.62
27/04/21,4186.72
28/04/21,4183.18
29/04/21,4211.47
30/04/21,4181.17
03/05/21,4192.66
04/05/21,4164.66
05/05/21,4167.59
06/05/21,4201.62
07/05/21,4232.6
10/05/21,4188.43
11/05/21,4152.1
12/05/21,4063.04
13/05/21,4112.5
14/05/21,4173.85
17/05/21,4163.29
18/05/21,4127.83
19/05/21,4115.68
20/05/21,4159.12
21/05/21,4155.86
24/05/21,4197.05
25/05/21,4188.13
26/05/21,4195.99
27/05/21,4200.88
28/05/21,4204.11
01/06/21,4202.04
02/06/21,4208.12
03/06/21,4192.85
04/06/21,4229.89
07/06/21,4226.52
08/06/21,4227.26
09/06/21,4219.55
10/06/21,4239.18
11/06/21,4247.44
14/06/21,4255.15
15/06/21,4246.59
16/06/21,4223.7
17/06/21,4221.86
18/06/21,4166.45
21/06/21,4224.79
22/06/21,4246.44
23/06/21,4241.84
24/06/21,4266.49
25/06/21,4280.7
28/06/21,4290.61
29/06/21,4291.8
30/06/21,4297.5
01/07/21,4319.94
02/07/21,4352.34
06/07/21,4343.54
07/07/21,4358.13
08/07/21,4320.82
09/07/21,4369.55
12/07/21,4384.63
13/07/21,4369.21
14/07/21,4374.3
15/07/21,4360.03
16/07/21,4327.16
19/07/21,4258.49
20/07/21,4323.06
21/07/21,4358.69
22/07/21,4367.48
23/07/21,4411.79
26/07/21,4422.3
27/07/21,4401.46
28/07/21,4400.64
29/07/21,4419.15
30/07/21,4395.26
02/08/21,4387.16
03/08/21,4423.15
04/08/21,4402.66
05/08/21,4429.1
06/08/21,4436.52
09/08/21,4432.35
10/08/21,4436.75
11/08/21,4447.7
12/08/21,4460.83
13/08/21,4468
16/08/21,4479.71
17/08/21,4448.08
18/08/21,4400.27
19/08/21,4405.8
20/08/21,4441.67
23/08/21,4479.53
24/08/21,4486.23
25/08/21,4496.19
26/08/21,4470
27/08/21,4509.37
30/08/21,4528.79
31/08/21,4522.68
01/09/21,4524.09
02/09/21,4536.95
03/09/21,4535.43
07/09/21,4520.03
08/09/21,4514.07
09/09/21,4493.28
10/09/21,4458.58
13/09/21,4468.73
14/09/21,4443.05
15/09/21,4480.7
16/09/21,4473.75
17/09/21,4432.99
20/09/21,4357.73
21/09/21,4354.19
22/09/21,4395.64
23/09/21,4448.98
24/09/21,4455.48
27/09/21,4443.11
28/09/21,4352.63
29/09/21,4359.46
30/09/21,4307.54
01/10/21,4357.04
04/10/21,4300.46
05/10/21,4345.72
06/10/21,4363.55
07/10/21,4399.76
08/10/21,4391.34
11/10/21,4361.19
12/10/21,4350.65
13/10/21,4363.8
14/10/21,4438.26
15/10/21,4471.37
18/10/21,4486.46
19/10/21,4519.63
20/10/21,4536.19
21/10/21,4549.78
22/10/21,4544.9
25/10/21,4566.48
26/10/21,4574.79
27/10/21,4551.68
28/10/21,4596.42
29/10/21,4605.38
01/11/21,4613.67
02/11/21,4630.65
03/11/21,4660.57
04/11/21,4680.06
05/11/21,4697.53
08/11/21,4701.7
09/11/21,4685.25
10/11/21,4646.71
11/11/21,4649.27
12/11/21,4682.85
15/11/21,4682.8
16/11/21,4700.9
17/11/21,4688.67
18/11/21,4704.54
19/11/21,4697.96
22/11/21,4682.94
23/11/21,4690.7
24/11/21,4701.46
26/11/21,4594.62
29/11/21,4655.27
30/11/21,4567
01/12/21,4513.04
02/12/21,4577.1
03/12/21,4538.43
06/12/21,4591.67
07/12/21,4686.75
08/12/21,4701.21
09/12/21,4667.45
10/12/21,4712.02
13/12/21,4668.97
14/12/21,4634.09
15/12/21,4709.85
16/12/21,4668.67
17/12/21,4620.64
20/12/21,4568.02
21/12/21,4649.23
22/12/21,4696.56
23/12/21,4725.79
27/12/21,4791.19
28/12/21,4786.35
29/12/21,4793.06
30/12/21,4778.73
31/12/21,4766.18
03/01/22,4796.56
04/01/22,4793.54
05/01/22,4700.58
06/01/22,4696.05
07/01/22,4677.03
10/01/22,4670.29
11/01/22,4713.07
12/01/22,4726.35
13/01/22,4659.03
14/01/22,4662.85
18/01/22,4577.11
19/01/22,4532.76
20/01/22,4482.73
21/01/22,4397.94
24/01/22,4410.13
25/01/22,4356.45
26/01/22,4349.93
27/01/22,4326.51
28/01/22,4431.85
31/01/22,4515.55
01/02/22,4546.54
02/02/22,4589.38
03/02/22,4477.44
04/02/22,4500.53
07/02/22,4483.87
08/02/22,4521.54
09/02/22,4587.18
10/02/22,4504.08
11/02/22,4418.64
14/02/22,4401.67
15/02/22,4471.07
16/02/22,4475.01
17/02/22,4380.26
18/02/22,4348.87
22/02/22,4304.76
23/02/22,4225.5
24/02/22,4288.7
25/02/22,4384.65
28/02/22,4373.94
01/03/22,4306.26
02/03/22,4386.54
03/03/22,4363.49
04/03/22,4328.87
07/03/22,4201.09
08/03/22,4170.7
09/03/22,4277.88
10/03/22,4259.52
11/03/22,4204.31
14/03/22,4173.11
15/03/22,4262.45
16/03/22,4357.86
17/03/22,4411.67
18/03/22,4463.12
21/03/22,4461.18
22/03/22,4511.61
23/03/22,4456.24
24/03/22,4520.16
25/03/22,4543.06
28/03/22,4575.52
29/03/22,4631.6
30/03/22,4602.45
31/03/22,4530.41
01/04/22,4545.86
04/04/22,4582.64
05/04/22,4525.12
06/04/22,4481.15
07/04/22,4500.21
08/04/22,4488.28
11/04/22,4412.53
12/04/22,4397.45
13/04/22,4446.59
14/04/22,4392.59
18/04/22,4391.69
19/04/22,4462.21
20/04/22,4459.45
21/04/22,4393.66
22/04/22,4271.78
25/04/22,4296.12
26/04/22,4175.2
27/04/22,4183.96
28/04/22,4287.5
29/04/22,4131.93
02/05/22,4155.38
03/05/22,4175.48
04/05/22,4300.17
05/05/22,4146.87
06/05/22,4123.34
09/05/22,3991.24
10/05/22,4001.05
11/05/22,3935.18
12/05/22,3930.08
13/05/22,4023.89
16/05/22,4008.01
17/05/22,4088.85
18/05/22,3923.68
19/05/22,3900.79
20/05/22,3901.36
23/05/22,3973.75
24/05/22,3941.48
25/05/22,3978.73
26/05/22,4057.84
27/05/22,4158.24
31/05/22,4132.15
01/06/22,4101.23
02/06/22,4176.82
03/06/22,4108.54
06/06/22,4121.43
07/06/22,4160.68
08/06/22,4115.77
09/06/22,4017.82
10/06/22,3900.86
13/06/22,3749.63
14/06/22,3735.48
15/06/22,3789.99
16/06/22,3666.77
17/06/22,3674.84
21/06/22,3764.79
22/06/22,3759.89
23/06/22,3795.73
24/06/22,3911.74
27/06/22,3900.11
28/06/22,3821.55
29/06/22,3818.83
30/06/22,3785.38
01/07/22,3825.33
05/07/22,3831.39
06/07/22,3845.08
07/07/22,3902.62
08/07/22,3899.38
11/07/22,3854.43
12/07/22,3818.8
13/07/22,3801.78
14/07/22,3790.38
15/07/22,3863.16
18/07/22,3830.85
19/07/22,3936.69
20/07/22,3959.9
21/07/22,3998.95
22/07/22,3961.63
25/07/22,3966.84
26/07/22,3921.05
27/07/22,4023.61
28/07/22,4072.43
29/07/22,4130.29
01/08/22,4118.63
02/08/22,4091.19
03/08/22,4155.17
04/08/22,4151.94
05/08/22,4145.19
08/08/22,4140.06
09/08/22,4122.47
10/08/22,4210.24
11/08/22,4207.27
12/08/22,4280.15
15/08/22,4297.14
16/08/22,4305.2
17/08/22,4274.04
18/08/22,4283.74
19/08/22,4228.48
22/08/22,4137.99
23/08/22,4128.73
24/08/22,4140.77
25/08/22,4199.12
26/08/22,4057.66
29/08/22,4030.61
30/08/22,3986.16
31/08/22,3955
01/09/22,3966.85
02/09/22,3924.26
06/09/22,3908.19
07/09/22,3979.87
08/09/22,4006.18
09/09/22,4067.36
12/09/22,4110.41
13/09/22,3932.69
14/09/22,3946.01
15/09/22,3901.35
16/09/22,3873.33
19/09/22,3899.89
20/09/22,3855.93
21/09/22,3789.93
22/09/22,3757.99
23/09/22,3693.23
26/09/22,3655.04
27/09/22,3647.29
28/09/22,3719.04
29/09/22,3640.47
30/09/22,3585.62
03/10/22,3678.43
04/10/22,3790.93
05/10/22,3783.28
06/10/22,3744.52
07/10/22,3639.66
10/10/22,3612.39
11/10/22,3588.84
12/10/22,3577.03
13/10/22,3669.91
14/10/22,3583.07
17/10/22,3677.95
18/10/22,3719.98
19/10/22,3695.16
20/10/22,3665.78
21/10/22,3752.75
24/10/22,3797.34
25/10/22,3859.11
26/10/22,3830.6
27/10/22,3807.3
28/10/22,3901.06
31/10/22,3871.98
01/11/22,3856.1
02/11/22,3759.69
03/11/22,3719.89
04/11/22,3770.55
07/11/22,3806.8
08/11/22,3828.11
09/11/22,3748.57
10/11/22,3956.37
11/11/22,3992.93
14/11/22,3957.25
15/11/22,3991.73
16/11/22,3958.79
17/11/22,3946.56
18/11/22,3965.34
21/11/22,3949.94
22/11/22,4003.58
23/11/22,4027.26
25/11/22,4026.12
28/11/22,3963.94
29/11/22,3957.63
30/11/22,4080.11
01/12/22,4076.57
02/12/22,4071.7
05/12/22,3998.84
06/12/22,3941.26
07/12/22,3933.92
08/12/22,3963.51
09/12/22,3934.38
12/12/22,3990.56
13/12/22,4019.65
14/12/22,3995.32
15/12/22,3895.75
16/12/22,3852.36
19/12/22,3817.66
20/12/22,3821.62
21/12/22,3878.44
22/12/22,3822.39
23/12/22,3844.82
27/12/22,3829.25
28/12/22,3783.22
29/12/22,3849.28
30/12/22,3839.5
03/01/23,3824.14
04/01/23,3852.97
05/01/23,3808.1
06/01/23,3895.08
09/01/23,3892.09
10/01/23,3919.25
11/01/23,3969.61
12/01/23,3983.17
13/01/23,3999.09
17/01/23,3990.97
18/01/23,3928.86
19/01/23,3898.85
20/01/23,3972.61
23/01/23,4019.81
24/01/23,4016.95
25/01/23,4016.22
26/01/23,4060.43
27/01/23,4070.56
30/01/23,4017.77
31/01/23,4076.6
01/02/23,4119.21
02/02/23,4179.76
03/02/23,4136.48
06/02/23,4111.08
07/02/23,4164
08/02/23,4117.86
09/02/23,4081.5
10/02/23,4090.46
13/02/23,4137.29
14/02/23,4136.13
15/02/23,4147.6
16/02/23,4090.41
17/02/23,4079.09
21/02/23,3997.34
22/02/23,3991.05
23/02/23,4012.32
24/02/23,3970.04
27/02/23,3982.24
28/02/23,3970.15
01/03/23,3951.39
02/03/23,3981.35
03/03/23,4045.64
06/03/23,4048.42
07/03/23,3986.37
08/03/23,3992.01
09/03/23,3918.32
10/03/23,3861.59
13/03/23,3855.76
14/03/23,3919.29
15/03/23,3891.93
16/03/23,3960.28
17/03/23,3916.64
20/03/23,3951.57
21/03/23,4002.87
22/03/23,3936.97
23/03/23,3948.72
24/03/23,3970.99
27/03/23,3977.53
28/03/23,3971.27
29/03/23,4027.81
30/03/23,4050.83
31/03/23,4109.31
03/04/23,4124.51
04/04/23,4100.6
05/04/23,4090.38
06/04/23,4105.02
10/04/23,4109.11
11/04/23,4108.94
12/04/23,4091.95
13/04/23,4146.22
14/04/23,4137.64
17/04/23,4151.32
18/04/23,4154.87
19/04/23,4154.52
20/04/23,4129.79
21/04/23,4133.52
24/04/23,4137.04
25/04/23,4071.63
26/04/23,4055.99
27/04/23,4135.35
28/04/23,4169.48
01/05/23,4167.87
02/05/23,4119.58
03/05/23,4090.75
04/05/23,4061.22
05/05/23,4136.25
08/05/23,4138.12
09/05/23,4119.17
10/05/23,4137.64
11/05/23,4130.62
12/05/23,4124.08
15/05/23,4136.28
16/05/23,4109.9
17/05/23,4158.77
18/05/23,4198.05
19/05/23,4191.98
22/05/23,4192.63
23/05/23,4145.58
24/05/23,4115.24
25/05/23,4151.28
26/05/23,4205.45
30/05/23,4205.52
31/05/23,4179.83
01/06/23,4221.02
02/06/23,4282.37
05/06/23,4273.79
06/06/23,4283.85
07/06/23,4267.52
08/06/23,4293.93
09/06/23,4298.86
12/06/23,4338.93
13/06/23,4369.01
14/06/23,4372.59
15/06/23,4425.84
16/06/23,4409.59
20/06/23,4388.71
21/06/23,4365.69
22/06/23,4381.89
23/06/23,4348.33
26/06/23,4328.82
27/06/23,4378.41
28/06/23,4376.86
29/06/23,4396.44
30/06/23,4450.38
03/07/23,4455.59
05/07/23,4446.82
06/07/23,4411.59
07/07/23,4398.95
10/07/23,4409.53
11/07/23,4439.26
12/07/23,4472.16
13/07/23,4510.04
14/07/23,4505.42
17/07/23,4522.79
18/07/23,4554.98
19/07/23,4565.72
20/07/23,4534.87
21/07/23,4536.34
24/07/23,4554.64
25/07/23,4567.46
26/07/23,4566.75
27/07/23,4537.41
28/07/23,4582.23
31/07/23,4588.96
01/08/23,4576.73
02/08/23,4513.39
03/08/23,4501.89
04/08/23,4478.03
07/08/23,4518.44
08/08/23,4499.38
09/08/23,4467.71
10/08/23,4468.83
11/08/23,4464.05
14/08/23,4489.72
15/08/23,4437.86
16/08/23,4404.33
17/08/23,4370.36
18/08/23,4369.71
21/08/23,4399.77
22/08/23,4387.55
23/08/23,4436.01
24/08/23,4376.31
25/08/23,4405.71
28/08/23,4433.31
29/08/23,4497.63
30/08/23,4514.87
31/08/23,4507.66
01/09/23,4515.77
05/09/23,4496.83
06/09/23,4465.48
07/09/23,4451.14
08/09/23,4457.49
11/09/23,4487.46
12/09/23,4461.9
13/09/23,4467.44
14/09/23,4505.1
15/09/23,4450.32
18/09/23,4453.53
19/09/23,4443.95
20/09/23,4402.2
21/09/23,4330
22/09/23,4320.06
25/09/23,4337.44
26/09/23,4273.53
27/09/23,4274.51
28/09/23,4299.7
29/09/23,4288.05
02/10/23,4288.39
03/10/23,4229.45
04/10/23,4263.75
05/10/23,4258.19
06/10/23,4308.5
09/10/23,4335.66
10/10/23,4358.24
11/10/23,4376.95
12/10/23,4349.61
13/10/23,4327.78
16/10/23,4373.63
17/10/23,4373.2
18/10/23,4314.6
19/10/23,4278
20/10/23,4224.16
23/10/23,4217.04
24/10/23,4247.68
25/10/23,4186.77
26/10/23,4137.23
27/10/23,4117.37